base_rtt_ms,jitter_fraction,baseline,seed,median_crossover_mbps
1,0.0,pre_cached,42,0.8817559235862121
1,0.0,pre_cached,43,0.8817559235862121
1,0.0,pre_cached,44,0.8817559235862121
1,0.0,pre_cached,45,0.8817559235862121
1,0.0,pre_cached,46,0.8817559235862121
1,0.0,pre_cached,47,0.8817559235862121
1,0.0,pre_cached,48,0.8817559235862121
1,0.0,pre_cached,49,0.8817559235862121
1,0.0,pre_cached,50,0.8817559235862121
1,0.0,pre_cached,51,0.8817559235862121
1,0.0,full,42,11.444615180316049
1,0.0,full,43,11.444615180316049
1,0.0,full,44,11.444615180316049
1,0.0,full,45,11.444615180316049
1,0.0,full,46,11.444615180316049
1,0.0,full,47,11.444615180316049
1,0.0,full,48,11.444615180316049
1,0.0,full,49,11.444615180316049
1,0.0,full,50,11.444615180316049
1,0.0,full,51,11.444615180316049
1,0.12,pre_cached,42,0.8749230552716877
1,0.12,pre_cached,43,0.8747953354516778
1,0.12,pre_cached,44,0.8749276805224927
1,0.12,pre_cached,45,0.8749040565367538
1,0.12,pre_cached,46,0.8749761957507065
1,0.12,pre_cached,47,0.8744932417887006
1,0.12,pre_cached,48,0.8748530992685405
1,0.12,pre_cached,49,0.8748847363023629
1,0.12,pre_cached,50,0.8747716534141505
1,0.12,pre_cached,51,0.874899510600281
1,0.12,full,42,11.355929018595177
1,0.12,full,43,11.354271298865925
1,0.12,full,44,11.355989051325503
1,0.12,full,45,11.355682427441758
1,0.12,full,46,11.356618747256586
1,0.12,full,47,11.350350320703253
1,0.12,full,48,11.355021035428681
1,0.12,full,49,11.35543166343566
1,0.12,full,50,11.353963921507933
1,0.12,full,51,11.355623424159587
1,0.3,pre_cached,42,0.8648700300545993
1,0.3,pre_cached,43,0.8645580929825194
1,0.3,pre_cached,44,0.8648813290747286
1,0.3,pre_cached,45,0.8648236199346632
1,0.3,pre_cached,46,0.8649998574260882
1,0.3,pre_cached,47,0.8638208060143222
1,0.3,pre_cached,48,0.8646991560935808
1,0.3,pre_cached,49,0.8647764274838621
1,0.3,pre_cached,50,0.8645002677529772
1,0.3,pre_cached,51,0.8648125155437967
1,0.3,full,42,11.225447326405737
1,0.3,full,43,11.221398587230944
1,0.3,full,44,11.22559398029695
1,0.3,full,45,11.224844953403263
1,0.3,full,46,11.227132400774751
1,0.3,full,47,11.211829084602417
1,0.3,full,48,11.223229494150935
1,0.3,full,49,11.224232426257839
1,0.3,full,50,11.220648053571773
1,0.3,full,51,11.224700825672581
20,0.0,pre_cached,42,0.314664247561149
20,0.0,pre_cached,43,0.314664247561149
20,0.0,pre_cached,44,0.314664247561149
20,0.0,pre_cached,45,0.314664247561149
20,0.0,pre_cached,46,0.314664247561149
20,0.0,pre_cached,47,0.314664247561149
20,0.0,pre_cached,48,0.314664247561149
20,0.0,pre_cached,49,0.314664247561149
20,0.0,pre_cached,50,0.314664247561149
20,0.0,pre_cached,51,0.314664247561149
20,0.0,full,42,4.084136128844448
20,0.0,full,43,4.084136128844448
20,0.0,full,44,4.084136128844448
20,0.0,full,45,4.084136128844448
20,0.0,full,46,4.084136128844448
20,0.0,full,47,4.084136128844448
20,0.0,full,48,4.084136128844448
20,0.0,full,49,4.084136128844448
20,0.0,full,50,4.084136128844448
20,0.0,full,51,4.084136128844448
20,0.12,pre_cached,42,0.2980510635193742
20,0.12,pre_cached,43,0.2977548796227759
20,0.12,pre_cached,44,0.2980617989826305
20,0.12,pre_cached,45,0.29800697341854543
20,0.12,pre_cached,46,0.2981744451427506
20,0.12,pre_cached,47,0.29705631528904997
20,0.12,pre_cached,48,0.2978887723806585
20,0.12,pre_cached,49,0.2979621485828461
20,0.12,pre_cached,50,0.29770001578349536
20,0.12,pre_cached,51,0.29799642532263454
20,0.12,full,42,3.868507865748022
20,0.12,full,43,3.864663592487699
20,0.12,full,44,3.8686472050396157
20,0.12,full,45,3.8679356050761635
20,0.12,full,46,3.870109278522345
20,0.12,full,47,3.8555966843282707
20,0.12,full,48,3.8664014329131584
20,0.12,full,49,3.867353808026235
20,0.12,full,50,3.8639514957372434
20,0.12,full,51,3.8677986976901666
20,0.3,pre_cached,42,0.27617911067862416
20,0.3,pre_cached,43,0.27554416906162005
20,0.3,pre_cached,44,0.2762021559864517
20,0.3,pre_cached,45,0.276084487787037
20,0.3,pre_cached,46,0.27644409951607435
20,0.3,pre_cached,47,0.274053178601422
20,0.3,pre_cached,48,0.27583099473779216
20,0.3,pre_cached,49,0.27598832567131104
20,0.3,pre_cached,50,0.27542673701552806
20,0.3,pre_cached,51,0.27606185553160656
20,0.3,full,42,3.5846242231110237
20,0.3,full,43,3.576383096202542
20,0.3,full,44,3.5849233361339623
20,0.3,full,45,3.5833960798658273
20,0.3,full,46,3.5880636049065693
20,0.3,full,47,3.5570310152036537
20,0.3,full,48,3.580105905882428
20,0.3,full,49,3.582147958498031
20,0.3,full,50,3.574858905050081
20,0.3,full,51,3.5831023279928482
50,0.0,pre_cached,42,0.15612351492880727
50,0.0,pre_cached,43,0.15612351492880727
50,0.0,pre_cached,44,0.15612351492880727
50,0.0,pre_cached,45,0.15612351492880727
50,0.0,pre_cached,46,0.15612351492880727
50,0.0,pre_cached,47,0.15612351492880727
50,0.0,pre_cached,48,0.15612351492880727
50,0.0,pre_cached,49,0.15612351492880727
50,0.0,pre_cached,50,0.15612351492880727
50,0.0,pre_cached,51,0.15612351492880727
50,0.0,full,42,2.0263811120105606
50,0.0,full,43,2.0263811120105606
50,0.0,full,44,2.0263811120105606
50,0.0,full,45,2.0263811120105606
50,0.0,full,46,2.0263811120105606
50,0.0,full,47,2.0263811120105606
50,0.0,full,48,2.0263811120105606
50,0.0,full,49,2.0263811120105606
50,0.0,full,50,2.0263811120105606
50,0.0,full,51,2.0263811120105606
50,0.12,pre_cached,42,0.1460273305157519
50,0.12,pre_cached,43,0.14584962891607084
50,0.12,pre_cached,44,0.146033772970786
50,0.12,pre_cached,45,0.14600087273027176
50,0.12,pre_cached,46,0.14610137928783445
50,0.12,pre_cached,47,0.1454308251810308
50,0.12,pre_cached,48,0.14592995078041324
50,0.12,pre_cached,49,0.14597397583840327
50,0.12,pre_cached,50,0.1458167209333872
50,0.12,pre_cached,51,0.1459945432338831
50,0.12,full,42,1.8953392416855168
50,0.12,full,43,1.893032791146455
50,0.12,full,44,1.8954228605382055
50,0.12,full,45,1.8949958369345599
50,0.12,full,46,1.8963003463159378
50,0.12,full,47,1.8875969925820195
50,0.12,full,48,1.8940753164115254
50,0.12,full,49,1.894646732869878
50,0.12,full,50,1.8926056670545146
50,0.12,full,51,1.8949136842112093
50,0.3,pre_cached,42,0.13311493020639437
50,0.3,pre_cached,43,0.13274634234372024
50,0.3,pre_cached,44,0.1331283147056933
50,0.3,pre_cached,45,0.1330599789800438
50,0.3,pre_cached,46,0.13326886078568684
50,0.3,pre_cached,47,0.13188217571418576
50,0.3,pre_cached,48,0.1329128035373165
50,0.3,pre_cached,49,0.13300414173876313
50,0.3,pre_cached,50,0.1326782102418294
50,0.3,pre_cached,51,0.13304683664725891
50,0.3,full,42,1.7277447309576934
50,0.3,full,43,1.72296070157314
50,0.3,full,44,1.727918453004532
50,0.3,full,45,1.727031499980224
50,0.3,full,46,1.7297426491994226
50,0.3,full,47,1.71174438392543
50,0.3,full,48,1.7251212589929494
50,0.3,full,49,1.7263067691084557
50,0.3,full,50,1.7220763914520405
50,0.3,full,51,1.7268609210963501
100,0.0,pre_cached,42,0.0848619623781068
100,0.0,pre_cached,43,0.0848619623781068
100,0.0,pre_cached,44,0.0848619623781068
100,0.0,pre_cached,45,0.0848619623781068
100,0.0,pre_cached,46,0.0848619623781068
100,0.0,pre_cached,47,0.0848619623781068
100,0.0,pre_cached,48,0.0848619623781068
100,0.0,pre_cached,49,0.0848619623781068
100,0.0,pre_cached,50,0.0848619623781068
100,0.0,pre_cached,51,0.0848619623781068
100,0.0,full,42,1.1014527681468216
100,0.0,full,43,1.1014527681468216
100,0.0,full,44,1.1014527681468216
100,0.0,full,45,1.1014527681468216
100,0.0,full,46,1.1014527681468216
100,0.0,full,47,1.1014527681468216
100,0.0,full,48,1.1014527681468216
100,0.0,full,49,1.1014527681468216
100,0.0,full,50,1.1014527681468216
100,0.0,full,51,1.1014527681468216
100,0.12,pre_cached,42,0.07892947162785419
100,0.12,pre_cached,43,0.07882564981626056
100,0.12,pre_cached,44,0.07893323600479785
100,0.12,pre_cached,45,0.07891401242259034
100,0.12,pre_cached,46,0.07897274052264666
100,0.12,pre_cached,47,0.07858104550261609
100,0.12,pre_cached,48,0.07887257517119761
100,0.12,pre_cached,49,0.07889829711205024
100,0.12,pre_cached,50,0.07880642563498622
100,0.12,pre_cached,51,0.07891031418176675
100,0.12,full,42,1.0244529183229751
100,0.12,full,43,1.0231053791126006
100,0.12,full,44,1.0245017774736325
100,0.12,full,45,1.0242522679496622
100,0.12,full,46,1.0250145202775875
100,0.12,full,47,1.0199305751036625
100,0.12,full,48,1.0237144395284012
100,0.12,full,49,1.0240482934973678
100,0.12,full,50,1.0228558618131345
100,0.12,full,51,1.0242042672025868
100,0.3,pre_cached,42,0.07143835273894211
100,0.3,pre_cached,43,0.07122608101254829
100,0.3,pre_cached,44,0.07144606256856038
100,0.3,pre_cached,45,0.07140670057051068
100,0.3,pre_cached,46,0.07152702771115885
100,0.3,pre_cached,47,0.07072874053919943
100,0.3,pre_cached,48,0.07132193622618986
100,0.3,pre_cached,49,0.07137454000788057
100,0.3,pre_cached,50,0.07118685279378423
100,0.3,pre_cached,51,0.07139913079878435
100,0.3,full,42,0.9272230946718804
100,0.3,full,43,0.9244679464984968
100,0.3,full,44,0.927323163217752
100,0.3,full,45,0.926812270227575
100,0.3,full,46,0.9283740378138534
100,0.3,full,47,0.9180127924373545
100,0.3,full,48,0.9257120844779652
100,0.3,full,49,0.9263948471590833
100,0.3,full,50,0.9239587898759499
100,0.3,full,51,0.9267140195415366
200,0.0,pre_cached,42,0.044363294146393145
200,0.0,pre_cached,43,0.044363294146393145
200,0.0,pre_cached,44,0.044363294146393145
200,0.0,pre_cached,45,0.044363294146393145
200,0.0,pre_cached,46,0.044363294146393145
200,0.0,pre_cached,47,0.044363294146393145
200,0.0,pre_cached,48,0.044363294146393145
200,0.0,pre_cached,49,0.044363294146393145
200,0.0,pre_cached,50,0.044363294146393145
200,0.0,pre_cached,51,0.044363294146393145
200,0.0,full,42,0.5758065424405348
200,0.0,full,43,0.5758065424405348
200,0.0,full,44,0.5758065424405348
200,0.0,full,45,0.5758065424405348
200,0.0,full,46,0.5758065424405348
200,0.0,full,47,0.5758065424405348
200,0.0,full,48,0.5758065424405348
200,0.0,full,49,0.5758065424405348
200,0.0,full,50,0.5758065424405348
200,0.0,full,51,0.5758065424405348
200,0.12,pre_cached,42,0.04113102084609925
200,0.12,pre_cached,43,0.04107463695300034
200,0.12,pre_cached,44,0.041133065334239965
200,0.12,pre_cached,45,0.041122624813274854
200,0.12,pre_cached,46,0.041154521310129366
200,0.12,pre_cached,47,0.0409418211849613
200,0.12,pre_cached,48,0.04110012055399058
200,0.12,pre_cached,49,0.04111408982911552
200,0.12,pre_cached,50,0.04106419730714035
200,0.12,pre_cached,51,0.04112061628547052
200,0.12,full,42,0.5338537490541041
200,0.12,full,43,0.5331219229992695
200,0.12,full,44,0.5338802851729838
200,0.12,full,45,0.5337447740394246
200,0.12,full,46,0.5341587697068597
200,0.12,full,47,0.5313980611975786
200,0.12,full,48,0.5334526834727074
200,0.12,full,49,0.5336339955272981
200,0.12,full,50,0.5329864232240022
200,0.12,full,51,0.5337187046621914
200,0.3,pre_cached,42,0.03707873177933428
200,0.3,pre_cached,43,0.036964375531031254
200,0.3,pre_cached,44,0.03708288575081159
200,0.3,pre_cached,45,0.037061678301321926
200,0.3,pre_cached,46,0.0371265109335952
200,0.3,pre_cached,47,0.03669654665408361
200,0.3,pre_cached,48,0.03701601199956614
200,0.3,pre_cached,49,0.03704435149854898
200,0.3,pre_cached,50,0.03694324510613283
200,0.3,pre_cached,51,0.03705759996062252
200,0.3,full,42,0.48125768734588614
200,0.3,full,43,0.4797734180370167
200,0.3,full,44,0.4813116031787783
200,0.3,full,45,0.4810363443550235
200,0.3,full,46,0.4818778295184879
200,0.3,full,47,0.47629717438630725
200,0.3,full,48,0.48044362562603826
200,0.3,full,49,0.48081145378753504
200,0.3,full,50,0.4794991589420787
200,0.3,full,51,0.48098341016016255
400,0.0,pre_cached,42,0.02269849339238458
400,0.0,pre_cached,43,0.02269849339238458
400,0.0,pre_cached,44,0.02269849339238458
400,0.0,pre_cached,45,0.02269849339238458
400,0.0,pre_cached,46,0.02269849339238458
400,0.0,pre_cached,47,0.02269849339238458
400,0.0,pre_cached,48,0.02269849339238458
400,0.0,pre_cached,49,0.02269849339238458
400,0.0,pre_cached,50,0.02269849339238458
400,0.0,pre_cached,51,0.02269849339238458
400,0.0,full,42,0.29461159840270584
400,0.0,full,43,0.29461159840270584
400,0.0,full,44,0.29461159840270584
400,0.0,full,45,0.29461159840270584
400,0.0,full,46,0.29461159840270584
400,0.0,full,47,0.29461159840270584
400,0.0,full,48,0.29461159840270584
400,0.0,full,49,0.29461159840270584
400,0.0,full,50,0.29461159840270584
400,0.0,full,51,0.29461159840270584
400,0.12,pre_cached,42,0.021009033447492664
400,0.12,pre_cached,43,0.02097961326380526
400,0.12,pre_cached,44,0.02101010026035513
400,0.12,pre_cached,45,0.021004652426184177
400,0.12,pre_cached,46,0.02102129611501804
400,0.12,pre_cached,47,0.020910319064300038
400,0.12,pre_cached,48,0.020992909970124023
400,0.12,pre_cached,49,0.02100019893991241
400,0.12,pre_cached,50,0.020974166219679145
400,0.12,pre_cached,51,0.02100360438875185
400,0.12,full,42,0.2726835133004168
400,0.12,full,43,0.27230165855827104
400,0.12,full,44,0.2726973598336283
400,0.12,full,45,0.27262665050921664
400,0.12,full,46,0.27284267470456286
400,0.12,full,47,0.2714022651702007
400,0.12,full,48,0.2724742411096476
400,0.12,full,49,0.2725688471701884
400,0.12,full,50,0.2722309594881247
400,0.12,full,51,0.2726130476688084
400,0.3,pre_cached,42,0.01889903666245108
400,0.3,pre_cached,43,0.018839622018942636
400,0.3,pre_cached,44,0.01890119502342412
400,0.3,pre_cached,45,0.018890175949850742
400,0.3,pre_cached,46,0.018923862785563884
400,0.3,pre_cached,47,0.018700497341598423
400,0.3,pre_cached,48,0.018866449251188685
400,0.3,pre_cached,49,0.018881173383367283
400,0.3,pre_cached,50,0.01882864432581378
400,0.3,pre_cached,51,0.018888056932347082
400,0.3,full,42,0.2452971350628978
400,0.3,full,43,0.24452597184999386
400,0.3,full,44,0.24532514917666312
400,0.3,full,45,0.24518212880864793
400,0.3,full,46,0.24561936190350647
400,0.3,full,47,0.2427202245318308
400,0.3,full,48,0.2448741717783371
400,0.3,full,49,0.24506528138377398
400,0.3,full,50,0.24438348857308384
400,0.3,full,51,0.2451546253473827
600,0.0,pre_cached,42,0.015250779847052526
600,0.0,pre_cached,43,0.015250779847052526
600,0.0,pre_cached,44,0.015250779847052526
600,0.0,pre_cached,45,0.015250779847052526
600,0.0,pre_cached,46,0.015250779847052526
600,0.0,pre_cached,47,0.015250779847052526
600,0.0,pre_cached,48,0.015250779847052526
600,0.0,pre_cached,49,0.015250779847052526
600,0.0,pre_cached,50,0.015250779847052526
600,0.0,pre_cached,51,0.015250779847052526
600,0.0,full,42,0.19794514772224286
600,0.0,full,43,0.19794514772224286
600,0.0,full,44,0.19794514772224286
600,0.0,full,45,0.19794514772224286
600,0.0,full,46,0.19794514772224286
600,0.0,full,47,0.19794514772224286
600,0.0,full,48,0.19794514772224286
600,0.0,full,49,0.19794514772224286
600,0.0,full,50,0.19794514772224286
600,0.0,full,51,0.19794514772224286
600,0.12,pre_cached,42,0.014107437617317576
600,0.12,pre_cached,43,0.014087539299356858
600,0.12,pre_cached,44,0.014108159162947028
600,0.12,pre_cached,45,0.014104474491475493
600,0.12,pre_cached,46,0.01411573158197442
600,0.12,pre_cached,47,0.014040673816644868
600,0.12,pre_cached,48,0.01409653246614962
600,0.12,pre_cached,49,0.014101462362723197
600,0.12,pre_cached,50,0.014083855239578114
600,0.12,pre_cached,51,0.014103765647358841
600,0.12,full,42,0.18310531337726654
600,0.12,full,43,0.1828470462245268
600,0.12,full,44,0.18311467856761365
600,0.12,full,45,0.18306685394185318
600,0.12,full,46,0.18321296361388828
600,0.12,full,47,0.1822387629110481
600,0.12,full,48,0.1829637716475633
600,0.12,full,49,0.1830277584807154
600,0.12,full,50,0.18279922953813865
600,0.12,full,51,0.18305765360883477
600,0.3,pre_cached,42,0.012681365551917817
600,0.3,pre_cached,43,0.012641239301970399
600,0.3,pre_cached,44,0.012682823252685844
600,0.3,pre_cached,45,0.012675381280501202
600,0.3,pre_cached,46,0.01269813259908128
600,0.3,pre_cached,47,0.012547286538932254
600,0.3,pre_cached,48,0.012659357127376925
600,0.3,pre_cached,49,0.012669301242284417
600,0.3,pre_cached,50,0.012633825590984669
600,0.3,pre_cached,51,0.012673950162026337
600,0.3,full,42,0.16459583068332573
600,0.3,full,43,0.1640750182033714
600,0.3,full,44,0.16461475068589318
600,0.3,full,45,0.16451815875431938
600,0.3,full,46,0.16481345598910832
600,0.3,full,47,0.16285557278844773
600,0.3,full,48,0.1643101757272795
600,0.3,full,49,0.1644392438348826
600,0.3,full,50,0.16397879308367536
600,0.3,full,51,0.16449958377253115
1000,0.0,pre_cached,42,0.009208130493948447
1000,0.0,pre_cached,43,0.009208130493948447
1000,0.0,pre_cached,44,0.009208130493948447
1000,0.0,pre_cached,45,0.009208130493948447
1000,0.0,pre_cached,46,0.009208130493948447
1000,0.0,pre_cached,47,0.009208130493948447
1000,0.0,pre_cached,48,0.009208130493948447
1000,0.0,pre_cached,49,0.009208130493948447
1000,0.0,pre_cached,50,0.009208130493948447
1000,0.0,pre_cached,51,0.009208130493948447
1000,0.0,full,42,0.11951551128204
1000,0.0,full,43,0.11951551128204
1000,0.0,full,44,0.11951551128204
1000,0.0,full,45,0.11951551128204
1000,0.0,full,46,0.11951551128204
1000,0.0,full,47,0.11951551128204
1000,0.0,full,48,0.11951551128204
1000,0.0,full,49,0.11951551128204
1000,0.0,full,50,0.11951551128204
1000,0.0,full,51,0.11951551128204
1000,0.12,pre_cached,42,0.008513780082786786
1000,0.12,pre_cached,43,0.008501701662857547
1000,0.12,pre_cached,44,0.008514218069830121
1000,0.12,pre_cached,45,0.008511981431846737
1000,0.12,pre_cached,46,0.00851881463670693
1000,0.12,pre_cached,47,0.008473254767235278
1000,0.12,pre_cached,48,0.008507160554192306
1000,0.12,pre_cached,49,0.008510153040078437
1000,0.12,pre_cached,50,0.008499465434227842
1000,0.12,pre_cached,51,0.008511551156072186
1000,0.12,full,42,0.11050329708140302
1000,0.12,full,43,0.11034652709054864
1000,0.12,full,44,0.11050898186676238
1000,0.12,full,45,0.11047995176859937
1000,0.12,full,46,0.11056864229846292
1000,0.12,full,47,0.10997730499091435
1000,0.12,full,48,0.11041737992971462
1000,0.12,full,49,0.11045622043929688
1000,0.12,full,50,0.11031750230552867
1000,0.12,full,51,0.11047436707046532
1000,0.3,pre_cached,42,0.007648646663352601
1000,0.3,pre_cached,43,0.0076243186142882155
1000,0.3,pre_cached,44,0.007649530464493879
1000,0.3,pre_cached,45,0.007645018422525561
1000,0.3,pre_cached,46,0.007658812555452361
1000,0.3,pre_cached,47,0.007567359367990657
1000,0.3,pre_cached,48,0.007635303127905066
1000,0.3,pre_cached,49,0.007641332136933876
1000,0.3,pre_cached,50,0.007619823861078678
1000,0.3,pre_cached,51,0.007644150743447056
1000,0.3,full,42,0.09927443113311869
1000,0.3,full,43,0.09895866896789576
1000,0.3,full,44,0.09928590229388698
1000,0.3,full,45,0.0992273389402156
1000,0.3,full,46,0.09940637776362521
1000,0.3,full,47,0.09821937520484948
1000,0.3,full,48,0.09910124077027901
1000,0.3,full,49,0.09917949336423126
1000,0.3,full,50,0.0989003300110057
1000,0.3,full,51,0.09921607703327755